{"scale": 1.249720746194474, "angle": 0.32736557288010987}