{"scale": 1.2643892339440914, "angle": 1.6667550311588897}