{"scale": 1.2952154540324863, "angle": 4.641965525341285}