{"scale": 0.3109811393212536, "angle": 4.153575057998197}