{"scale": 0.9183473514356116, "angle": 1.4343068168461268}