{"scale": 0.5429412982014293, "angle": 0.16015576313501867}