{"scale": 1.2942910429930292, "angle": 4.5556089881175925}