{"scale": 0.38078723136193443, "angle": 2.410946275694136}