{"scale": 0.8641240353829254, "angle": 3.1702454748688953}