{"scale": 1.2828377375986983, "angle": 2.1699125209091807}