{"scale": 0.8733333398243569, "angle": 4.744555913583203}