{"scale": 0.012643892339440915, "angle": 1.6667550311588897}