{"scale": 0.0054294129820142934, "angle": 0.16015576313501867}