{"scale": 0.00873333339824357, "angle": 4.744555913583203}