{"scale": 0.008641240353829254, "angle": 3.1702454748688953}