{"scale": 0.003109811393212536, "angle": 4.153575057998197}