{"scale": 0.0038078723136193444, "angle": 2.410946275694136}