{"scale": 0.012942910429930293, "angle": 4.5556089881175925}